-- phpMyAdmin SQL Dump
-- version 4.0.4.2
-- http://www.phpmyadmin.net
--
-- Host: localhost
-- Generation Time: May 29, 2022 at 03:09 PM
-- Server version: 5.6.13
-- PHP Version: 5.4.17

SET SQL_MODE = "NO_AUTO_VALUE_ON_ZERO";
SET time_zone = "+00:00";


/*!40101 SET @OLD_CHARACTER_SET_CLIENT=@@CHARACTER_SET_CLIENT */;
/*!40101 SET @OLD_CHARACTER_SET_RESULTS=@@CHARACTER_SET_RESULTS */;
/*!40101 SET @OLD_COLLATION_CONNECTION=@@COLLATION_CONNECTION */;
/*!40101 SET NAMES utf8 */;

--
-- Database: `gene_db`
--
CREATE DATABASE IF NOT EXISTS `gene_db` DEFAULT CHARACTER SET latin1 COLLATE latin1_swedish_ci;
USE `gene_db`;

-- --------------------------------------------------------

--
-- Table structure for table `sequence`
--

CREATE TABLE IF NOT EXISTS `sequence` (
  `ID` int(11) NOT NULL AUTO_INCREMENT,
  `Name` varchar(50) NOT NULL,
  `Sequence` varchar(5000) NOT NULL,
  `NCBI_ID` int(11) NOT NULL,
  PRIMARY KEY (`ID`),
  KEY `NCBI_ID` (`NCBI_ID`)
) ENGINE=InnoDB  DEFAULT CHARSET=utf8 AUTO_INCREMENT=11 ;

--
-- Dumping data for table `sequence`
--

INSERT INTO `sequence` (`ID`, `Name`, `Sequence`, `NCBI_ID`) VALUES
(1, 'hemoglobin subunit beta', 'ACATTTGCTTCTGACACAACTGTGTTCACTAGCAACCTCAAACAGACACCATGGTGCATCTGACTCCTGA\r\nGGAGAAGTCTGCCGTTACTGCCCTGTGGGGCAAGGTGAACGTGGATGAAGTTGGTGGTGAGGCCCTGGGC\r\nAGGTTGGTATCAAGGTTACAAGACAGGTTTAAGGAGACCAATAGAAACTGGGCATGTGGAGACAGAGAAG\r\nACTCTTGGGTTTCTGATAGGCACTGACTCTCTCTGCCTATTGGTCTATTTTCCCACCCTTAGGCTGCTGG\r\nTGGTCTACCCTTGGACCCAGAGGTTCTTTGAGTCCTTTGGGGATCTGTCCACTCCTGATGCTGTTATGGG\r\nCAACCCTAAGGTGAAGGCTCATGGCAAGAAAGTGCTCGGTGCCTTTAGTGATGGCCTGGCTCACCTGGAC\r\nAACCTCAAGGGCACCTTTGCCACACTGAGTGAGCTGCACTGTGACAAGCTGCACGTGGATCCTGAGAACT\r\nTCAGGGTGAGTCTATGGGACGCTTGATGTTTTCTTTCCCCTTCTTTTCTATGGTTAAGTTCATGTCATAG\r\nGAAGGGGATAAGTAACAGGGTACAGTTTAGAATGGGAAACAGACGAATGATTGCATCAGTGTGGAAGTCT\r\nCAGGATCGTTTTAGTTTCTTTTATTTGCTGTTCATAACAATTGTTTTCTTTTGTTTAATTCTTGCTTTCT\r\nTTTTTTTTCTTCTCCGCAATTTTTACTATTATACTTAATGCCTTAACATTGTGTATAACAAAAGGAAATA\r\nTCTCTGAGATACATTAAGTAACTTAAAAAAAAACTTTACACAGTCTGCCTAGTACATTACTATTTGGAAT\r\nATATGTGTGCTTATTTGCATATTCATAATCTCCCTACTTTATTTTCTTTTATTTTTAATTGATACATAAT\r\nCATTATACATATTTATGGGTTAAAGTGTAATGTTTTAATATGTGTACACATATTGACCAAATCAGGGTAA\r\nTTTTGCATTTGTAATTTTAAAAAATGCTTTCTTCTTTTAATATACTTTTTTGTTTATCTTATTTCTAATA\r\nCTTTCCCTAATCTCTTTCTTTCAGGGCAATAATGATACAATGTATCATGCCTCTTTGCACCATTCTAAAG\r\nAATAACAGTGATAATTTCTGGGTTAAGGCAATAGCAATATCTCTGCATATAAATATTTCTGCATATAAAT\r\nTGTAACTGATGTAAGAGGTTTCATATTGCTAATAGCAGCTACAATCCAGCTACCATTCTGCTTTTATTTT\r\nATGGTTGGGATAAGGCTGGATTATTCTGAGTCCAAGCTAGGCCCTTTTGCTAATCATGTTCATACCTCTT\r\nATCTTCCTCCCACAGCTCCTGGGCAACGTGCTGGTCTGTGTGCTGGCCCATCACTTTGGCAAAGAATTCA\r\nCCCCACCAGTGCAGGCTGCCTATCAGAAAGTGGTGGCTGGTGTGGCTAATGCCCTGGCCCACAAGTATCA\r\nCTAAGCTCGCTTTCTTGCTGTCCAATTTCTATTAAAGGTTCCTTTGTTCCCTAAGTCCAACTACTAAACT\r\nGGGGGATATTATGAAGGGCCTTGAGCATCTGGATTCTGCCTAATAAAAAACATTTATTTTCATTGCAA', 3043),
(2, 'surface glycoprotein', 'ATGTTTGTTTTTCTTGTTTTATTGCCACTAGTCTCTAGTCAGTGTGTTAATCTTACAACCAGAACTCAAT\r\nTACCCCCTGCATACACTAATTCTTTCACACGTGGTGTTTATTACCCTGACAAAGTTTTCAGATCCTCAGT\r\nTTTACATTCAACTCAGGACTTGTTCTTACCTTTCTTTTCCAATGTTACTTGGTTCCATGCTATACATGTC\r\nTCTGGGACCAATGGTACTAAGAGGTTTGATAACCCTGTCCTACCATTTAATGATGGTGTTTATTTTGCTT\r\nCCACTGAGAAGTCTAACATAATAAGAGGCTGGATTTTTGGTACTACTTTAGATTCGAAGACCCAGTCCCT\r\nACTTATTGTTAATAACGCTACTAATGTTGTTATTAAAGTCTGTGAATTTCAATTTTGTAATGATCCATTT\r\nTTGGGTGTTTATTACCACAAAAACAACAAAAGTTGGATGGAAAGTGAGTTCAGAGTTTATTCTAGTGCGA\r\nATAATTGCACTTTTGAATATGTCTCTCAGCCTTTTCTTATGGACCTTGAAGGAAAACAGGGTAATTTCAA\r\nAAATCTTAGGGAATTTGTGTTTAAGAATATTGATGGTTATTTTAAAATATATTCTAAGCACACGCCTATT\r\nAATTTAGTGCGTGATCTCCCTCAGGGTTTTTCGGCTTTAGAACCATTGGTAGATTTGCCAATAGGTATTA\r\nACATCACTAGGTTTCAAACTTTACTTGCTTTACATAGAAGTTATTTGACTCCTGGTGATTCTTCTTCAGG\r\nTTGGACAGCTGGTGCTGCAGCTTATTATGTGGGTTATCTTCAACCTAGGACTTTTCTATTAAAATATAAT\r\nGAAAATGGAACCATTACAGATGCTGTAGACTGTGCACTTGACCCTCTCTCAGAAACAAAGTGTACGTTGA\r\nAATCCTTCACTGTAGAAAAAGGAATCTATCAAACTTCTAACTTTAGAGTCCAACCAACAGAATCTATTGT\r\nTAGATTTCCTAATATTACAAACTTGTGCCCTTTTGGTGAAGTTTTTAACGCCACCAGATTTGCATCTGTT\r\nTATGCTTGGAACAGGAAGAGAATCAGCAACTGTGTTGCTGATTATTCTGTCCTATATAATTCCGCATCAT\r\nTTTCCACTTTTAAGTGTTATGGAGTGTCTCCTACTAAATTAAATGATCTCTGCTTTACTAATGTCTATGC\r\nAGATTCATTTGTAATTAGAGGTGATGAAGTCAGACAAATCGCTCCAGGGCAAACTGGAAAGATTGCTGAT\r\nTATAATTATAAATTACCAGATGATTTTACAGGCTGCGTTATAGCTTGGAATTCTAACAATCTTGATTCTA\r\nAGGTTGGTGGTAATTATAATTACCTGTATAGATTGTTTAGGAAGTCTAATCTCAAACCTTTTGAGAGAGA\r\nTATTTCAACTGAAATCTATCAGGCCGGTAGCACACCTTGTAATGGTGTTGAAGGTTTTAATTGTTACTTT\r\nCCTTTACAATCATATGGTTTCCAACCCACTAATGGTGTTGGTTACCAACCATACAGAGTAGTAGTACTTT\r\nCTTTTGAACTTCTACATGCACCAGCAACTGTTTGTGGACCTAAAAAGTCTACTAATTTGGTTAAAAACAA\r\nATGTGTCAATTTCAACTTCAATGGTTTAACAGGCACAGGTGTTCTTACTGAGTCTAACAAAAAGTTTCTG\r\nCCTTTCCAACAATTTGGCAGAGACATTGCTGACACTACTGATGCTGTCCGTGATCCACAGACACTTGAGA\r\nTTCTTGACATTACACCATGTTCTTTTGGTGGTGTCAGTGTTATAACACCAGGAACAAATACTTCTAACCA\r\nGGTTGCTGTTCTTTATCAGGATGTTAACTGCACAGAAGTCCCTGTTGCTATTCATGCAGATCAACTTACT\r\nCCTACTTGGCGTGTTTATTCTACAGGTTCTAATGTTTTTCAAACACGTGCAGGCTGTTTAATAGGGGCTG\r\nAACATGTCAACAACTCATATGAGTGTGACATACCCATTGGTGCAGGTATATGCGCTAGTTATCAGACTCA\r\nGACTAATTCTCCTCGGCGGGCACGTAGTGTAGCTAGTCAATCCATCATTGCCTACACTATGTCACTTGGT\r\nGCAGAAAATTCAGTTGCTTACTCTAATAACTCTATTGCCATACCCACAAATTTTACTATTAGTGTTACCA\r\nCAGAAATTCTACCAGTGTCTATGACCAAGACATCAGTAGATTGTACAATGTACATTTGTGGTGATTCAAC\r\nTGAATGCAGCAATCTTTTGTTGCAATATGGCAGTTTTTGTACACAATTAAACCGTGCTTTAACTGGAATA\r\nGCTGTTGAACAAGACAAAAACACCCAAGAAGTTTTTGCACAAGTCAAACAAATTTACAAAACACCACCAA\r\nTTAAAGATTTTGGTGGTTTTAATTTTTCACAAATATTACCAGATCCATCAAAACCAAGCAAGAGGTCATT\r\nTATTGAAGATCTACTTTTCAACAAAGTGACACTTGCAGATGCTGGCTTCATCAAACAATATGGTGATTGC\r\nCTTGGTGATATTGCTGCTAGAGACCTCATTTGTGCACAAAAGTTTAACGGCCTTACTGTTTTGCCACCTT\r\nTGCTCACAGATGAAATGATTGCTCAATACACTTCTGCACTGTTAGCGGGTACAATCACTTCTGGTTGGAC\r\nCTTTGGTGCAGGTGCTGCATTACAAATACCATTTGCTATGCAAATGGCTTATAGGTTTAATGGTATTGGA\r\nGTTACACAGAATGTTCTCTATGAGAACCAAAAATTGATTGCCAACCAATTTAATAGTGCTATTGGCAAAA\r\nTTCAAGACTCACTTTCTTCCACAGCAAGTGCACTTGGAAAACTTCAAGATGTGGTCAACCAAAATGCACA\r\nAGCTTTAAACACGCTTGTTAAACAACTTAGCTCCAATTTTGGTGCAATTTCAAGTGTTTTAAATGATATC\r\nCTTTCACGTCTTGACAAAGTTGAGGCTGAAGTGCAAATTGATAGGTTGATCACAGGCAGACTTCAAAGTT\r\nTGCAGACATATGTGACTCAACAATTAATTAGAGCTGCAGAAATCAGAGCTTCTGCTAATCTTGCTGCTAC\r\nTAAAATGTCAGAGTGTGTACTTGGACAATCAAAAAGAGTTGATTTTTGTGGAAAGGGCTATCATCTTATG\r\nTCCTTCCCTCAGTCAGCACCTCATGGTGTAGTCTTCTTGCATGTGACTTATGTCCCTGCACAAGAAAAGA\r\nACTTCACAACTGCTCCTGCCATTTGTCATGATGGAAAAGCACACTTTCCTCGTGAAGGTGTCTTTGTTTC\r\nAAATGGCACACACTGGTTTGTAACACAAAGGAATTTTTATGAACCACAAATCATTACTACAGACAACACA\r\nTTTGTGTCTGGTAACTGTGATGTTGTAATAGGAATTGTCAACAACACAGTTTATGATCCTTTGCAACCTG\r\nAATTAGACTCATTCAAGGAGGAGTTAGATAAATATTTTAAGAATCATACATCACCAGATGTTGATTTAGG\r\nTGACATCTCTGGCATTAATGCTTCAGTTGTAAACATTCAAAAAGAAATTGACCGCCTCAATGAGGTTGCC\r\nAAGAATTTAAATGAATCTCTCATCGATCTCCAAGAACTTGGAAAGTATGAGCAGTATATAAAATGGCCAT\r\nGGTACATTTGGCTAGGTTTTATAGCTGGCTTGATTGCCATAGTAATGGTGACAATTATGCTTTGCTGTAT\r\nGACCAGTTGCTGTAGTTGTCTCAAGGGCTGTTGTTCTTGTGGATCCTGCTGCAAATTTGATGAAGACGAC\r\nTCTGAGCCAGTGCTCAAAGGAGTCAAATTACATTACACATAA', 43740568),
(3, 'actin-3', 'AAGCATTAGCAATTTAGAATTAATTTGACCCGAATTTGCATTTACGAGTGTTTCCCTTTTTAAAAACCAC\r\nAGACGCGGGTACTAACTTAACACACATAGAAAACAACACTCTCTCGAACATTCCTTCTTCATTTCGTAGT\r\nTCAGGTACCCCTCTCAATCTCTCACATCACTTCATTGTTTATTATCTCAATTTCTCATTTTCATTTTCAT\r\nTTTCATTTTCATTTTCCGTGTGTCTATGCAGCAAATCAATTACAATCAACAATGGCAGAATCTGAAGATA\r\nTTCAACCTTTGGTCTGTGATAACGGAACCGGAATGGTCAAGGTATCAATCATTATCAATCAATCGATCTC\r\nTTAAACGTTTTCCTTCAATTTAATATCTTTCATTGTATAAAATTAGAAATTAGTTATTCCTACAAAATGC\r\nAGAGACAGATTATAATTAGCACACGAATATAATAATTGATGTCGGTTTACAGTCCTTTGATGAGAAGTGT\r\nTGGTGTTAATGAGATCGATAGAAACTTCAATTGATGTTATTGTTGTTGTTTTAGGCTGGTTTTGCAGGAG\r\nATGATGCACCAAGAGCAGTGTTCCCTAGCATTGTAGGTCGTCCACGTCACACAGGGGTAATGGTAGGTAT\r\nGGGACAAAAAGATGCATATGTTGGTGATGAAGCACAGTCAAAGAGAGGTATTTTGACACTGAAATATCCA\r\nATTGAGCATGGAATTGTTAGTAATTGGGATGACATGGAGAAGATCTGGCATCACACTTTCTACAATGAAC\r\nTTCGTGTTGCTCCTGAAGAACACCCTGTTCTTCTCACTGAAGCTCCTCTTAATCCTAAGGCTAATCGGGA\r\nGAAAATGACTCAGATCATGTTTGAGACTTTCAATACTCCTGCTATGTATGTTGCCATTCAAGCCGTGCTT\r\nTCCCTTTATGCCAGTGGCCGTACAACTGGTAAATTCTTTCTTTCATCTTCAATCTTGTTGCATCTATAAA\r\nTATATATTGATCTATTCTAAGTCTCGTGTATTTCAGTTTATTTAATAATATAAACATTTTTTAAACTCTA\r\nTGTGAGAGCTTAAGGAAGCAGTTTATAACATGTCCATAAGTTTTTTCAACTTATTTTCTCATAACCTTTT\r\nCAGGATAGCTTATGAAAATAGTTTGACTTTATTTTATCATTTGTTATAGAAATATCTTATACAAAAACAC\r\nTTATATGATAAATATTTGTAAAGTGTTTAAATAAGTTGTTTATCCAAACAGAGTGTTGTTCTTGTTCATT\r\nTCGGTTGCAGTTTTGTGCAATGAATGATGAATATGATTTGAAGGGGTAGTCACGTCATGGTAAATAAATA\r\nTGCCTTGAGATTGAATTGAGTTGATGTGGTTTTCTATGATTTTTGTAGGTATTGTTCTGGACTCTGGAGA\r\nTGGTGTTAGTCACACTGTTCCAATTTATGAGGGTTATGCCCTGCCACATGCGATCTTGCGTTTGGATCTT\r\nGCAGGGCGTGATCTCACCGATGCACTGATGAAGATTTTAACAGAGCGTGGCTACACTTTCACCACATCTG\r\nCAGAGCGTGAAATTGTGAGGGACGTGAAGGAGAAATTAGCCTATATTGCTCTTGATTATGAGCAGGAGTT\r\nGGAAACTGCTAAGATCAGCTCAGCTGTTGAGAAGACTTATGAGCTACCTGATGGGCAGGTGATCACAATC\r\nGGCGCCGAAAGGTTCCGCTGCCCCGAAGTTTTATTCCAGCCATCCATGATAGGGATGGAATCTCCTGGTA\r\nTCCACGAGACAACATTTAACTCCATCATGAAGTGTGATGTCGACATTAGGAAGGATCTGTATGGTAACAT\r\nTGTCTTGAGTGGTGGTTCTACTATGTTCCCCGGAATTGCTGATAGAATGAGCAAAGAGATTACAGCATTG\r\nGCACCCAGCAGCATGAAAATCAAGGTTGTAGCACCACCAGAGAGGAAATACAGTGTCTGGATTGGAGGCT\r\nCCATTTTGGCATCTCTCAGCACTTTCCAACAGGTATGAAGTTGTTGGATTTTTAAATGATATAATTCACA\r\nAAATAAATCAGGAAATTTCATTTAAACAATAAGTACAAGTTATAAAAAGTAGGAGGAAATGACAAATGTG\r\nTATTACTGAGGCTTAGTTGTGTCATTTCTAATGTGTTCCTTTCTGATATGTTTACTTTTCCTTGTGCAGA\r\nTGTGGATTGCAAAGGCAGAATATGATGAATCTGGCCCATCAATAGTACACAGGAAATGCTTCTAAGTTCA\r\nAATCATGGAGCACTGAGAGCTGAACCAAGGAAATTACAATATATACTTTGTACTACATAAATACCATCTA\r\nGTGGTTGAGGAACTTCCATTTCCTATTCTTTTACCATTTCTTTTATCACGTTTCTCTGTGTTTTCCTTTC\r\nTTGATATGTTGGGATAAGAGCATGAAGGCTAGCAAGATATGTAAGATTCAGTTTTCCCCTCATTTTGTTG\r\nTAGAGATGTGTATTGTTACGGATCTGGTTTGTTTGACTCAACAAATCTTTTCATTAAGTTTTCTGATTGA\r\nCCATAGTGGTATGTGTTTGATTTATAAATCTATGAAACCAAAAAGTCATTGCTATCA', 101509704),
(4, 'keratin 16', 'ACAGCACGCTCTCAGCCTTCCTGAGCACCTTTCCTTCTTTCAGCCAACTGCTCACTCGCTCACCTCCCTC\r\nCTTGGCACCATGACCACCTGCAGCCGCCAGTTCACCTCCTCCAGCTCCATGAAGGGCTCCTGCGGCATCG\r\nGAGGCGGCATCGGGGGCGGCTCCAGCCGCATCTCCTCCGTCCTGGCCGGAGGGTCCTGCCGTGCCCCCAG\r\nCACCTACGGGGGCGGCCTGTCTGTCTCCTCTCGCTTCTCCTCTGGGGGAGCCTGCGGGCTGGGGGGCGGC\r\nTATGGCGGTGGCTTCAGCAGCAGCAGCAGCTTTGGTAGTGGCTTCGGGGGAGGATATGGTGGTGGCCTTG\r\nGTGCTGGCTTCGGTGGTGGCTTGGGTGCTGGCTTTGGTGGTGGTTTTGCTGGTGGTGATGGGCTTCTGGT\r\nGGGCAGTGAGAAGGTGACCATGCAGAACCTCAATGACCGCCTGGCCTCCTACCTGGACAAGGTGCGTGCT\r\nCTGGAGGAGGCCAACGCCGACCTGGAAGTGAAGATCCGTGACTGGTACCAGAGGCAGCGGCCCAGTGAGA\r\nTCAAAGACTACAGTCCCTACTTCAAGACCATCGAGGACCTGAGGAACAAGGTGGGTGACTTTGGTGTATG\r\nGAGCACTGAGAGAGGCTGGGGCTACAGTGGCCCTTGGGATACCTCTTTTTAGCAATTACACTTTACAAAC\r\nAGGGAGACTGGGCACCTTTGGGGAGTGGCCAGGATCACCCAGGGAAGTGGTAGCAGAGGGTCCCTTTTCA\r\nGTATCTCTGTGCCCGGACTGGGGCTGTTACCCTAAATCTCTTATTTCCTTCAAGGGTTCAGCTGCAAGTT\r\nCAGCTTCCCTGCCTTGGGCCCAGGAAGGGGGTGATCGGGATGGAGTGCATCCCTACGTAGCCTGAGCTGG\r\nTGGAGAAGGCATGCCAGCCCTGCCAGCCAGAAGACTTCCAGATTTGGGGCGGTTCCTTTTGCCCCTTTCT\r\nGCCTTTCATGCTCAAGTAGTAAGGTCCTTGGCTGACCAGGGCTCCTGTCCTCCATCCCCACTCCAGATCA\r\nTTGCGGCCACCATTGAGAATGCGCAGCCCATTTTGCAGATTGACAATGCCAGGCTGGCAGCCGATGACTT\r\nCAGGACCAAGTGAGCAGCCAGCATGGTGGGCTGGGGGCAGAGGGCAAGGGACAAAGAGTGGGGCGGTCCA\r\nCCCAGCAGGGCCAGCAGACCCCGAGCCTCAGAATCCTCAGGGCTGCAGCCTGAGGACCTGACCTCTGTCC\r\nTGCCAGGTATGAGCATGAACTGGCCCTGCGGCAGACTGTGGAGGCCGACGTCAATGGCCTGCGCCGGGTG\r\nTTGGATGAGCTGACCCTGGCCAGGACTGACCTGGAGATGCAGATCGAAGGCCTGAAGGAGGAGCTGGCCT\r\nACCTGAGGAAGAACCACGAGGAGGTACGGTCGCTGCTGGCTTCCGGGGTGGGAGGCTGGTTTGGTGGGGT\r\nTGCCAGATGCACCCAGGGCCAGGAGAGAAGTCTGCTGAACTGACCGCCTCCTGCCATCCCTTCCCAGGAG\r\nATGCTTGCTCTGAGAGGTCAGACCGGCGGAGATGTGAACGTGGAGATGGATGCTGCACCTGGCGTGGACC\r\nTGAGCCGCATCCTGAATGAGATGCGTGACCAGTACGAGCAGATGGCAGAGAAAAACCGCAGAGACGCTGA\r\nGACCTGGTTCCTGAGCAAGGTGGGGCTCGGGCCCGCAGTGAGCCTGCAGCACTTCCCAGCTGGGGGCTTT\r\nGGGAGAGCCTCACCTTTCACTCTGCTTTCCTGCCTCAGACCGAGGAGCTGAACAAAGAAGTGGCCTCCAA\r\nCAGCGAACTGGTACAGAGCAGCCGCAGTGAGGTGACGGAGCTCCGGAGGGTGCTCCAGGGCCTGGAGATT\r\nGAGCTGCAGTCCCAGCTCAGCATGGTATGAAGGACCCAGCACAGCAGCAGCCCCCAAGTCACCAGTAATG\r\nGCCACCACCCCCTCAAAAAGCCACAGTCTAGTTCCACCTTTCTTTTCTCAGGATGGGACCAGGGGACTCA\r\nTGGGACCGTTATATAGATAGAGAAACTAAGCCCTAGAATAGTGGGCTAGCTTTTCTCCATATTGTCTGGC\r\nCCATCAGTACCCCAACTGGGATCAAAATCCAGGCATCTCTCAAAAAACATGCCCAGAGACCTGGAGGAAC\r\nAGGAGTGACCACCTCCATGGACTCTTTTTCTCTCTCTCACTTGCAGAAAGCATCCCTGGAGAACAGCCTG\r\nGAGGAGACCAAAGGCCGCTACTGCATGCAGCTGTCCCAGATCCAGGGACTGATTGGCAGTGTGGAGGAGC\r\nAGCTGGCCCAGCTACGCTGTGAGATGGAGCAGCAGAGCCAGGAGTACCAGATCTTGCTGGATGTGAAGAC\r\nGCGGCTGGAGCAGGAGATTGCCACCTACCGCCGCCTGCTGGAGGGCGAGGATGCCCAGTGAGTCCCAGGC\r\nCCCTCAGTTCTGCCTCCCAGACCCTTTAGCCCCCCTGCTGCTCTCAGCACAACTGACTGCCCTGCTTTTT\r\nCTCTCCCACAGCCTTTCCTCCCAGCAAGCATCTGGCCAATCCTATTCTTCCCGCGAGGGTAAGGCTTCTG\r\nAGGCTCCCCGGCACTGCAGCCCCTCTGCCTGTTTCCATGGAGTGGGGGCTGGGCCCTTCTCCTCAGAGCT\r\nCCCAGCCCTCCCTTCTCCCTGCCCTGGAGTCAGCTTAGCTCTCAGACCCCTTCTCACCTCCTCTTCTCTC\r\nTCCCACAGTCTTCACCTCCTCCTCGTCCTCTTCGAGCCGTCAGACCCGGCCCATCCTCAAGGAGCAGAGC\r\nTCATCCAGCTTCAGCCAGGGCCAGAGCTCCTAGAACTGAGCTGCCTCTACCACAGCCTCCTGCCCACCAG\r\nCTGGCCTCACCTCCTGAAGGCCCGGGTCAGGACCCTGCTCTCCTGGCGCAGTTCCCAGCTATCTCCCCTG\r\nCTCCTCTGCTGGTGGTGGGCTAATAAAGCTGACTTTCTGGTTGATGCAAA', 3868),
(5, 'lipase', 'ATGCGAATAAAAGTAACCGCAACTATGTTTGTGTTGGTGAGTATTATTGATGCTTGAAATGTGATTCATA\r\nTAGACTTGTGGGTAAAATAGATAAAAAGTTAAAAAGTTTAATATATTTTTTTCAAAAAAAAAAAGGTATC\r\nGGTCCATATAATCGTAACGTCGACTCTTCGAACTGATGACGGACGCTTTAATCGTACCAGTAAGAGTAAT\r\nAGGGTGAAGTATATAACAAATTATTACGGAGAGGATCCTAGTGGGGCCGAATTGATAACATGGAACGACA\r\nCGTCGAACAGGTTTAATTTTTACAACTCAAAAAACACATCTATCATGACCGTTATGAAATCTGCTGGCGA\r\nACTGAACGGCAAAGATTCCGGCGATATAGTTCTGCTGGTCCAGGACTTTTCAAATGAAGCGTGTTTTATC\r\nGATAAAGCTGTTTCTGACAATACCTACTATCATACCGAATATGTTATGAAGCAGTTATTGAGGATGCATA\r\nCGAAAATGACTCCAAATGTTTTAGTAGTGTTAGTAGACTGGTCAAAGCAGGTAGCGAGCGTGTGTAGGAT\r\nAAGAAATACGCATGCCCATGAAGCCTGGAGAGTAAGCGCTTATTACGCCGTCAGGGCTACTATGATCGAA\r\nTTTTTGAAAACGCTTGGTACGTTTAGGGTACATTGCGTTGGTATGTCTGTAGGATCGTCTGCATGTGCGT\r\nCATTTGCTAGACACTATGAAAGCTATCATTCGAAAAAATTTGAAAGAATAGTCGCCATGGATCCACCGAC\r\nAGCGAGTTTCAGTGATTATAAAGAAGTGGCCTCACCGAATTCTCTTACGTCGTTATTTAATCCAGTGGGT\r\nGGAGATGAGGTCACTATTCGTAACGACAATAGAGACTACATGTTACATGTAGATGACGCAAAGTATGTGG\r\nTCGTTATCGCTTCCAGTGAAGGAGGTTACGGGCCTTATGGGCCGATGGGCGATGAATATATTAGAAGCGA\r\nCTTGACAGGAAAGACTCACGAGGCGTGTCACGAAGCAAACTGGTGGAAGGGAAAAATATGCGCGACATCG\r\nTACTCTGGTATGAAATATTGTGAGGATATCAACATACCCTTTCACTTTCATAGGACCAGGGCTCTATGCT\r\nCACACATATGTTCATTGTTGACGTTCATAAAGGGTCTCGACGTTTTTTCAACGTTTCCAGCGATGGACGT\r\nGCGAGACAAATCTCTCAGTTCATGGAATGCATATACTACGAGTAAGGACTACACAAAAACTGCAAGTTTT\r\nTATTCTCCTACAACTCTACCGGAATCTATAAGGCTAAACAACCACGACATGCAGACGTTTAGCGTATTGT\r\nTCATCGTCAGTAGATGGAGGGAAGCGTACTTAGATACGTACGATGATTATTACAGTAAAGAGGAAGGTGA\r\nACTTCATTACCGATGGTATTTTATAGCTCATATACCAAATCCATTGGTTATCTACACCAAAGGGACACCG\r\nATTCTTATTAGAGTTTATAAAGGAAGTGCCGCCATGGACGACAGACCCACGATAAATTCCATGGCAATGA\r\nCAGGACTGAAAGCGAGGGAAACAATCTGCTACCATACACACACGTATATATTTACTGGTACAAAGAAATA\r\nCGATTGCTATCTCACAGGCGGCTCCATTAAAGAGCCTCATTACAGGACACAAATGAATGTCACTGCGAAA\r\nGCTCCGATGGTAATCCCACCTAAAGAGGGATGTCTTCCGTTTGACGTAGTGTTCCAGAAAAATGTGATTT\r\nTTCTTCACACTGATTTAAAAGCAGAAGTAGGGTCTTCTATAAGTCTAAGTGACATTGTTCAAAGAAATCC\r\nAGATCTGCAGGCCATAACTTGTGAAATGAACAGAGAGATTACAACCGTTATGACATTCTGGAATAAGTGT\r\nACTAATTACTATTATCCCCTCGACATTGAATACGATAGGTCAACTAAGACTATAAACGTGAGTATGAGTA\r\nGAGTTGGAGGGGCTACGCTCAGACTGTATTTTCAGTGGAAGATGGCTATAGTAAGAATTTCATTCACTAA\r\nGAAGAAATCCGGACAAAAATAATCTGACTTATTTGCATGTAAACTCCACCTACTTTTACGTATATTGATG\r\nGTGTACCAATTAGAGTTCTTGTAAAGATATATTAAAGCGTTGTGTTAATAATACAGACACAGTGGTGGTG\r\nTTTCACAACATTTACATCACAGGCATCGTTTCAATTTAATAGAGAAGTTCCTGATGGAGAACGTTTCTGT\r\nTATGGAGGCTGACGATTCCAGCGCTTCCGGCGTATCGGGCGTGAGTGAAACGCATTCTGTAGAATCTACG\r\nTGTAGCGAAATGCAGCATGTAGAGCATACAGATCTCGTTTCGCAGGATGCTAGCGATTCATCCAACTCGG\r\nCATCCTTTAACGACGGAGCTGGCAGTAGTCAGACGTGTCCGATATGCATCGAACCATGGGACGTAAACGT\r\nGGCGTATGCGCTACCTTGCCTGCATCAATTTTGTCAGAGCTGTATACTAAAATGGGTAGGAATCAACAAT\r\nGGTTACAACGATGACGATAGGCTTTGGAGGCCTATATGCCCAATGTGCAGAAGCTCGATCAAATCATTGC\r\nTGTACTCGGTAGTAGCCGATGATGCATTCGAAGAACACGAACTCAAAAATGATGAAGTATTCATTCCTGA\r\nAAGTTACTTGAATGGTGATGAAGATTACGTGGAAAGCCAATATCTCAACTACAGTGAAAATGCTGACGGT\r\nGAAGACGATTACTCACCATACTATGGGAGATACACTGAACGTGTGGAGCAGACGTTTTCCTTCTTACACA\r\nGCGCATCTGACGTACTTGAAACTCAGAGTGACTCATCACCAGAAAATACCGATAATGAAGACCATGAAGT\r\nGCTGCAGACTGTGCCAACTATGTCTGTGCGAAACTACGCAGAAAATGCTCCTATTGGAGCAGAGTATAAT\r\nAGTACATGTCCTGATGAATCAACAACCGAAAGCAGATACCGGATAGAGCATGACACTATGCCAGGCGGAA\r\nTCGAGAACTCCACTTGGGTACGCGTACTTGGAGACAACTATGATATTCTTAAGCCTGTAGTACAATGGGC\r\nGAAATGTAAACTAAGAAACTTATTTCATGATGGTCCTACAGCAGACATAACAACAAGTTTTGTCATTTCA\r\nGCTTTGTCTGTAGCCGGTCCGGATGAACACATGCTGAATAGAATGCTGCATAGTAACATTCGTGAAAACA\r\nCCCAGAGCTTCGTCAAAGAACTAATAGATGTTACAGTTGCGAAGTGTATATCACATATTCGGCGTATATT\r\nGGATGGAGAAACGTATACAGATAATGAAGAGGGATATATTTGCCCTACACAACGATCTGAAGAGCCAGAA\r\nGACTCGTCGGGAGGTGCTCCATCAACAGGATACTCCGTCTCTGTATCTAATGTATGTTCACATATTTTTT\r\nCCTCTGAATACGTATGTGATCATAGAGCCCCTATTAAAAGGACTGTAGACATAACTGACGATGATGCTGT\r\nAATGAGTAAGCGGTCATGTAGATAAAATATGCCTGTAACTTGTAAATGTATAAATAAA', 30902346),
(6, 'pancreatic alpha-amylase', 'TGGCAGAGTGTGACTGTTTTTGGTTTTCTCATCAATCAAAAGCATGAAGTTGTTCATCTTGGTGGCTCTG\r\nTTCGGGCTTGGCTTGGCCCAGCACAACCCCCAATTTAAGAATGGAAGGACTTCCATCGTCCACCTGTTTG\r\nAGTGGCGTTGGGCTGACATTGCTCAAGAGTGTGAACGCTTCTTGGGACCCAAAGGCTTTGGTGGAGTTCA\r\nGGTCTGTATAGCTGAGCACTGTGTTCACCTTATAGAGACGCATTGGGCAGTCCTTTCTGTTCCTGTTTCA\r\nTACACAGACACATGCGTGTGTTGTGCGTTTGTGTGTGTTTATTATTTCTATTAGTATCGAAACTCTTATC\r\nATTATTATCAAACTACGCCTTTTACATTCTCATTACAATTATGTCTAAACTTTCTTTTACTAATGTTTTG\r\nACTCACTAGCACTGACATTTTTTTTCACAAGGAAGTCCTGACTGTAGCGCCAAATAACAACACTTGTTGT\r\nTTTTTTTCTCCTTTGCGCTCCTCAGATCTCTCCTCCAAATGAACACATTCTGGTGAACAATCCCTTCAGG\r\nCCCTGGTGGCAGAGATACCAGCCAATCAGCTACAACCTCTGCTCAAGATCTGGCAATGAGGCAGAACTGA\r\nAAGACATGATCACCCGCTGCAACAACGTTGGGGTAAACTAAATTACAGTTGACATTTAATGTTAGGCATT\r\nACAGACCTCAGACTTCTTCATTTGACAGACGTCTGGACACGTGGAGCCTCGTACAGAACAACAAGCTAGT\r\nACCATAGTGTGTTTATGACACTTTTAGAAGAACATTATGGAAACAGTACCTGCCAGCTTAGGATAAATTC\r\nATGAAGCTCAACAGTTTAACAAATTAGCATGACTTGAAATGACCATGAGAAAATCAATACAACTGACCAA\r\nGTTATGTTAACTAACAGGTTAACATCTATGTGGATGCCGTTATCAACCACATGTGTGGATCTGGTGGTGG\r\nAGCAGGAACCCACTCTTCATGTGGAAGCTGGTTTGATGCTGGCAAAGAAGATTTCCCCAGTGTCCCATAT\r\nTCTAACTTGGACTTCAATGACAATAAATGCAAGACTGGGAGTGGTGAGATTGAGAACTATGGTGATATAT\r\nATCAGGTAAGAAATGTCACGCAGACCAGTGAAAGTTTACTCTTTTAAACGTTGACTTGAATTGTTCATAC\r\nTGATTTCTACTATTTTGACTTTTCTGGGTGTTTTACACCAAATTCCTTTTATGATTTTTGGCAAAGTCTA\r\nCCTACACAATCAAATGAAAAAAGGTACTAGACAAAACCAGGAATACTGAAGCTTTAGTTTATTAAACATG\r\nCCATTTTCAAATAACAAACCTTATTAAGATCAAATAAATTATGAAATTTTAAAGCATATATTTTATACTT\r\nGATTTTTCTATTACCAAATATTCTAATAATACAGTCTACACTTTCAGATGCTAAGCACAACCAGAGCATA\r\nATCCCTGTTGTTCATTGAATTTCCCAATTTGAATCGAATTTTCAAAAACAGGCAAAGCTAAAAAAAAAAG\r\nAGAAACATTTTTAGTTAGAGAACAGACATTTGTTTCTACCTTCTCATTTTTCTTGGAAACTTTTAGAATG\r\nTCTACAGCGATTCCACTAAACTTTCTAGTTGAGAATACTTTGAGTAGAAACATATCAATTCCAGCACAGT\r\nTTACAATGTCTTGCTTCTTACCTCCACAATCTTTATCCCAATAAATATTAACTGCTCTAGGTACGTGACT\r\nGCCGTCTGGTGGGTCTGCTGGATCTTGCCCTGGAGAAAGACTACGTTAGGGGCAAAGTGGCCGAGTACAT\r\nGAACAAGCTGATTAACATGGGTGTGGCTGGATTCAGAGTGGATGCCTGCAAACACATGTGGCCTGGTGAT\r\nCTGAGTGCTGTCTATGGTCGTCTGAACAACCTTAACACCCAGTGGTTCCCTGGTGGCTCCAGACCTTTCA\r\nTCTATCAGGAGGTCAGTGTTTCTGGACAAACTGTATCTAGAGCAGCCACCAAACAGGATGGAATAGAAGC\r\nATTTACAAATACAATCATTCAAGGAGAATACGTGAACATTAAAGTAACTTTTATTTGGCAAGCAAAACAA\r\nAAGCACATAATGGTAAACAATATTGAAGATTAGGGTAGTAACAGAAAGTAACAGAAGCAAAGTGATTTTA\r\nTTTATTTAAACCCTTTGTAATTTACACATTATGGATGGTATACATTTTGAACTGAATCAGCTTTCTGGGG\r\nTATGAAGTTTGCTCTTTTCACTCTAGGTTATTGATCTGGGAGGTGAGCCCATTACAGCTAATGAGTACGT\r\nCGGTCTTGGAAGAGTGACTGAGTTTAAATATGGTGCCAAAATAGGAGAGGTCTTCAGAAAGTGGAACAAC\r\nCAGAAGCTTTCCTACACTAAGTATGTGTTGTTTCTACTGGTGTATCTAAGGAAAATATTACACACAATTT\r\nAATAGCGAAGGTTTTTTTTTTAGATATAACAGAGATATGTCATTGTTAACAATGCTCTTTGTAAATGAAA\r\nAAAACTGATAAAAACTACTATAAAGGTGCAGGGGCCTTCGACCAATTGGTTGCATTTTAAGTTAGGTCAA\r\nAGTCAAAGTCACATCCATCATATGTTGACTTTTTGAGAAGCAGAATTTTACGGGAGGGAAATTTTGCTTT\r\nACCATGTGCAGGATACATCCATTTCAAGTATCAATGGACTTTCAGTTAATGTCAGACCATAACCCACCCA\r\nCTAGCTGGGTTGCCAATGAACCCAGTGAAGTCATGTAGTGAATCATGGCCATAAATATCAATAAATACTT\r\nGTTATATACCACCACCACCTTATATACCACCACCACCTTTTATTTTCTTTTTTACTTTACCTTCATTACT\r\nTTTTCTCCACGTCTTTTTCTTTCTGAAATACACAAGTCCATTGGACAATGATCTATCTAATTCCTAGTTG\r\nAATTCTTTTCTTCTTATCAGATTAGAGTGCTTGGCATGTCTTTTTCACATTTGTGTTGATCCTCCATGGC\r\nTGCTCCTAATCGAAGGTAGCAAATTATCAAGATACCACATGTTGCTTTGCAATAGCACTGCAAAAATTAG\r\nGCTTAAGTGTGGTTAGAGTAACCAGCGCAAACTCCATCTTAAATACTGGTCTGAACAAAGATCAGGTATA\r\nATAAAAAAATAATAAAATTCATTTCTTTTTTCTTTGCTGTATTTAGGAACTGGGGAGAAGGATGGGGTTT\r\nCATGGCTAACGGAAATGCTCTCGTCTTCACTGACAACCATGATAACCAGAGAGGCCATGGTGCTGGCGGT\r\nGCATCCATCCTTACATTCTGGGACCCCAGACTCTACAAGATGGCTGTTGGTTACATGCTTGCCCACCCTT\r\nACGGTGTAACCAGGGTCATGTCTAGCTATCGGTGGGACCGCAACATTGTAAACGGACAAGTATGTTCACT\r\nCGTAATGAATTAATGCAATATTTAGTGTGTATTAGACCCTTTTTTGTTGAATCCACTCATTAATACTTGT\r\nATTATAGGATCAGAATGACTGGATTGGACCCCCCAGCAATGGTGATGGATCAACCAAGCCTGTTATTGTC\r\nAACTCTGACCAGACCTGTGGGAATGGATGGGTTTGTGAGCATAGATGGCGCCAGATCACGTAAGTCCACA\r\nGAAATCAGGAGAAAGCACACTGGTCTTATGCAAATTCACATTGTTCTGCTTTGTCAGCTAGACCATCAAA\r\nACTATAGACATCATGTGTTATGGTTGTAATTTGTCCTGTCTCCTATTTAGTAACATGGTCATTTTCCGTA\r\nATGTGGTCAATGGACAGCCTCACTCCAACTGGTGGGACAACCAGGGCAACCAGGTTGCCTTTGGCCGTGG\r\nTAATCGTGGTTTCATCATTTTTAACAATGAGGACTGGTAAGGATTTTGTTCTCTTTGTTTGTGTGTGGCA\r\nGCTTCCTAATACTTCATTTTAAATTAAAACAAATAATTTCACCATTAAAATAAAACATTTGCTTAAATTT\r\nTTGAGAAAGAGACTGCTTGGGCACATATGAAAATAGAGCTAATATGACCGTAATTCAGCAAAAACATTTA\r\nCAAATTCAAGCTTAGTTAAAAATTGTCTAAAGTTTTTTAAGCCTTTATTTCTTTCATTAGAAAAGGGATT\r\nCTGTTTTATAAAGAGCACTATTAATTGTATATAAAAATAAATAAATATTATGACAACAACTACTACTAGT\r\nAGTAACAATAATAATAATTATTACATAATTATTACTTATCATAAATTATTATTATACGATATATATAATT\r\nATCATATAATCCACGAAAGACATTGGACAGGAAATGTCTATAAAGTACACTTTTGCTCCAAACAAGCACT\r\nATATTATTTTGATAACAGATTGGACTGCTGAGTCAGTAAAACTCTCTCAACAGATAATGAGAAAAATTAA\r\nCTGCATTCCTTTTAATTTTTTAATTTTATTTTATTTTTTTTACCAGATATATAATGCCTTCCTATGCCCA\r\nAGTGGTATTATATTGCTTTATATTTGTTTTATTGTCTTGAAAGCAGAATAAATATGAGAGGGCAATGGAG\r\nTTTAATTGTGGCACTGTTATGACTTTAACATTTGGTTGATCTTTATTTTCCATTTCAGGGACCTGAATGT\r\nTACCTTGAACACAGGCTTGCCTGGTGGCACCTACTGTGATGTCATTTCTGGTCAGAAGGAAGGAAGCAGA\r\nTGCACTGGGAAGCAGGTCAGTGTTGGTGGTGATGGCCGTGCCACCTTCTCGATCAGTGGCAAAGATGAGG\r\nACCCCTTCATCGCTATCCACGCAGATTCTAAGCTGTAAATCCATGAATGATGACTTCAAATGAATGTTTA\r\nAAATTAAAATAAAGCTTATTTTAAAAACTGAA', 100701014),
(7, 'mucin 1, cell surface associated', 'GGGGGACCGGTATAAAGCAGCAGGCGCCTGTGTCCGCTCCACCTCGTGGGCAGCTCCGGCCTGAGTTTGT\r\nTCTGTCCCCTCCCCACCACTTTGCCACCACCATGACACCGGACATCCAGGCCCCTTTCCTCTCCCTGCTG\r\nCTGCTGTTCCCAGTGCTTACAGGTGAGGGGCACAAGGTGGGGAGGGGGCTGCCCTGCTCCTGTGGTCTTC\r\nCCAACTTTCTGTGGGTTTTGCTTCCTGGGAGATGGCATCCAAGAGGCAGAAGTTGCAGACGGGTGGCCTA\r\nGTTTCTGCCAGAAGAAGGAATAAAGGAGTGAGGCTAAGGAAAACCTGAGAAGAGACCCTCCACACACACC\r\nTGGAGGACTCTGGGTGCCAGGAGCAGACGTATGTCCTGAAGAGAAGTCTGGAGGGGTTGGGGGTGGAATC\r\nAGGAGAGGAAAATCTTAGGAGTGGAAAAGCCCACAGTCCAGGAGCAGACAGATATGGGAAGAGAGACAGA\r\nGGTTGCCAGCCAGGAAGGAGAAAGAGAGCTGACTCAGGGGCCCACTCCCCAAATCCTCCTGGCATTACTT\r\nCCCCAGATGCCAGAGAATGTATTTTCTCCTTATGCTGATTTTCCCCCCAAACATACTCTGTAACCTCTAT\r\nTTCTTACAGTTGCCAATGTCCCTACCCTGACAACCTCTGACTCCATAAACCCCCGCAGAACTACGCCAGT\r\nTTCCACTACACAAAGCAGCCCAACGTCCAGTCCCACTAAAGAAACTTCTTGGAGCACAACTACCACCTTA\r\nCTCACAGCCAGCAGCCCTGCCCCAAGCCCGGCTGCCTCTCCAGGCCACGACGGAGCCTCGACTCCAACCA\r\nGCAGCCCTGCCCCAAGCCCAGCTGCCTCTCCAGGCCACAACGGCACCTCGTCTCCGACCGGCAGCCCTGC\r\nCCCAAGCCCAGCTGCCTCTCCAGGCCACGATGGAGCCTCGACTCCAACCAGCAGCCCTGCCCCAAGCCCG\r\nGCTGCCTCTCCAGGACACGACGGAGCCTCGACTCCAACCAGCAGCCCTGCCCCAAGCCCAGCTGCCTCTC\r\nCAGGCCACGACGGAGCCTCGACTCCAACCAGCAGCCCTGCCCCAAGCCCGGCTGCCTCTCCAGGCCACAA\r\nCGGCACCTCGTCTCCGACTGGCAGCCCTGCCCCAAGCCCAGCTGCCTCTCCAGGCCATGACGGAGCCTCG\r\nACTCCAACCAGCAGCCCTGCCCCAAGCCCGGCTGCCTCTCCAGGCCACAATGGCACCTCGTCTCCGACCG\r\nGCAGCCCTGCCCCAAGCCCAACTGCCTCTCCAGGACACGACGGAGCCTCGACTCCAACCAGCAGCCCTGC\r\nCCCAAGCCCGGCTGCCTCTCCAGGCCACAACGGCACCTCGTCTCCGACTGGCAGCCCTGCCCCAAGCCCA\r\nGCTGCCTCTCCAGGCCATGACGGAGCCTCGACTCCAACCAGCAGCCCTGCCCCAAGCCCGGCTGCCTCTC\r\nCAGGCCACAATGGCACCTCGTCTCCGACCGGCAGCCCTGCCCCAAGCCCAACTGCCTCTCCAGGCCATGA\r\nTAGTGCCCCATCCCTGACCAGCAGCCCTGCCCCAAGCCCGACTGCCTCTCCAGGTCAGCACGGCGCCTCA\r\nTCCCCAACCAGCAGTGACACCTCATCCATGACCACCCGCTCTATGTCAAGCTCCATGGTCACTTCAGCAC\r\nACAAGGGCACCTCATCCAGGGCTACCATGACCCCAGTCAGCAAGGGCACTCCATCCTCAGTCCCCAGCTC\r\nCGAAACTGCTCCCACTGCTGCCAGCCATATTACCAGGACAGCCGCCAGCAGCCCTAGCATAGCACTTTCC\r\nACCTCCTCCAATCCTAAGACTTCTCAGCAGTTGTCTGTTAGGGTCTCCCTGTACTTCCTGTCTTTTCGCA\r\nTTACAAACCTCCAGTTTAACTCTTCCCTGGAAAATCCCCAAACCAGCTACTATCAGGAGCTGCAGAGAAG\r\nCATTTGGGGTTTGGTGAGTAGCTGCCTTTCCTCTAACATGCACCCCCACCCCCAACCCCCGAAGCAGCCT\r\nTCAGAACTCTATGAGGCACTTGCATCAAATCAGTCTTTTCCCTCTCACCCCAGATTTTGCAGATTTATAA\r\nACAGAGGGATTTTCTGGGCCTCTCAGAGATCAAGTTCAGGTACAGTTCTGGGTGTGGACTCTGTGGGACT\r\nGGTGGATGTTGTCATGACTGTGAGGAGGGTGTACTGACCCAGAAACTGGGACCCATGTCTGAGTTCCCCA\r\nTTTCTTTGTAACCAGGCCAGGATCTGTGGTGGTAGAATTAACTCTGGCCTTCCGAGAGGGTACCACGGCC\r\nGAGTGGGTGAAGGCACAGTTCAGTCAGCTTGAAGCACACGCAGCCAGTTATAACCTGACCATCAGCGGAG\r\nTTAGTGGTGAGTCCACTTCCCCAGCTGCCAGCCAGCACCACCCTGCCCGGGACCCTCTCTCTCCAGCATC\r\nTGGGTGCATGCTTTTTCTCTTGGAGCTGGTGGGGGGAGAGCCACCTCCTTTGGGAGACTGCTCTGACCAC\r\nTGCTTTCCTTTCAGTGTACAGTGCCCCATTTCCTTCCTCTGCCCAGGCTGGGTCTGGGGTGCCTGGTTGG\r\nGGCATTGCCCTGCTGGTCCTGGTCTGTGTTCTGGTTGCGCTGGCCATCATCTATCTCATTGCCCTGGTAA\r\nGTGCTCAGTCCCCAACCCTGACCAGAGTCCCCCTGCTGGAAGGAGCCGTGCGCTCCCCATAACCTCCTGT\r\nCTCCCCAGGTTGTGTGTCAGTGCGGACGAAAGAAATGTGAGCAGCTGGACGTCTTTCCAACCCTAGATGC\r\nCTACCATCCTATGAGCGAGTACTCCACCTACCACACCCATGGGCGCTACGTGCCCCCTGGCAGTACCAAA\r\nCGGAGCCCCTATGAGGAGGTGAGGGAGGCGGGGGCGGCGGCGTGGGCGAGGCTTTGTCTGGGCAGTGGTT\r\nCTGAAAGGTTACTGGGAAAACCTAAAGAACTGAGAAGAGGTGACATGAAATAAGCAGTGACTGACAAGGC\r\nTGGGGTGGAGGTCAGAGGGGTTCTGTGGGAAAGGCTTAGGGAAGAAGGGGGACCTCAGGAGGGTGTGCCC\r\nCCCGCAACCAGCACCCCCAGAAGAGCATTCACTGCTCAACTAAACTGGGATGCCCAGAGGCGACATGAAT\r\nGGGGCACTGCCATGAAGGTGCCCACGAAGGTGCCCATGAAGGGCACCAGGGGAACCCTTCATGGAAGGAG\r\nCACCTTGCCCCAGCTTGTCTCCTAAGAATGGAGGGTAGATTGGGAAAGGCTGGTGGGGAGAAGGGGGTCT\r\nCTGAATTGGGAAAGAAGTCTCACCAAGCCAGGTGAGCCTGGGTGCAAGCTGGGGAGGCACAGACCCCTTC\r\nTTCCTTCTTTCTGCCTTTTACTCCGTGACCTAGTAAATAATTACTTTGCCATCTGGGGCTGAAAGGCCAC\r\nTCCAAGTGGGGGAAGGGAGAGTTTCCTTTTCCTGACTTTTCCTCTGCCTGGGGACTTCCTTCTTCCAGTT\r\nTTGCAGAAACGTGTACACCTCCTTGGGCTGGAGGAGCAGAGAATGGAGGGAGAAAGGGGCAGGAGGGGAA\r\nAGCAGGGGGTGCTGAGAGCCAAGGGGAGGGAGCGAACCAGAGCAGGAGGAGGAGGGGGAGTGGCCCTGTT\r\nTACAGTCATCTGGCTGGTGGTGGGGGCCAGCAGGTGCTCTCTCCGGATTAACCCTTTGAAAGCTAGTCAG\r\nGCTCCTGGACCATTCACCCTATCCTGGGGTGCCATCCAGGGACCCTGGGGAGGAAGGTTGTCCCAGGAAA\r\nGCCTCTGCCGCTCATCCTGGGTCTTTTCTGCCCCTATCTAGGTTTCTGCAGGCAATGGTGGCAGCAACCT\r\nCTCTTATACAAACCTGGCAGCCACTTCCGCCAACTTGTAAGGACATGTTGTCTTCTGAGAGTCCAGCCAG\r\nTACTGGCTGCCTCCCTGGAATTCTTCACTTCTGGGGACCCCCGCCCCCAACTCTGTTCTGGGCTAGTGAG\r\nCTGGGCATTCAGGTGGGCTGCTCACAGCCTCCCTCACAGGACCCAAGAAGTCCCCTAAACCATCTTAGCC\r\nTTGGTGAAGCCCACCTGAGCCTCTGGGGACAGGCCGGAGGCAGCGGAATGCTGGAATACTGGCTGGAATG\r\nCTTGGAAATGGGAGTGGGAACATGAACATGGCTGAATAAAATGCAGACCTCCTCCACGCCCACTA', 281333),
(8, 'pepsin A', 'GCATTTCAGATACAACCTTGATTAGTTGTATATAAGGGCTGGCCTCAGCAACTGGACGTTCACTCATCTG\r\nAGTCTACCTGTAAAGAGCAACATGATGAAGTGGCTCGTCGTTTTGGCTGCCCTCGTGGCCTTCGCTGAAT\r\nGTCTCCATAAGTAAGTCTGACCTGGTTGGTTGTTTCTTTATTTGTTTTATGTACTTGACATTAAGTACAT\r\nAAAAAATTGTAAAACTCTCCGTGTTCCTACGAGGAAATCTAAAGGTACTCCTGCTCACCTAAATATTGCA\r\nCAGACATTTCTCCAGCTGTAAATTTCAGGCCTGACTTGCTCATTGCTTGATTTTCTGCTCACGTTGCTAC\r\nATGTAGGATGCCCCTGATTAAGGGAAAATCTGCCAGGCAAACCCTCAAAGAGAAAGGGTTGTGGGAGGAG\r\nTACAGGAAGACTCACCCATACAACCCAGCAGCCAAGTTCTACAGCAGTGGCACTGAGTCCATGACCAATG\r\nACGCTGACGTAAGCCCAGATTAGTAAAAAGCTTTAGATTTTGTTCATGTTGTTGAAAACATACCCTACTT\r\nTACTTTTTCAGAATTATCTTTTTAAATCTTTATCTGCACCTGTGTACATGTGCCTTCTTTATCTGTCCCT\r\nCTAGTTGTCTTACTATGGTACGATCTCCATTGGAACCCCTCCTCAGTCCTTCTCTGTCATTTTTGACACC\r\nGGTTCCTCCAACTTGTGGGTCCCTTCAGTGTATTGCAACAGTACAGCCTGTGGTGAGTGCCACTATGATG\r\nACTACTGAAGCTCAGACAACAGGGTTCAACCTGGCCACTTTGCTTTGAACATACAAAAATGTGTACTTCC\r\nGCTATTAGATACTGTTCAAAAATATCCTTTTATTTTCATTTTAGGCTCTTTTTCATTCATGAGTTTTATC\r\nTATTTTGAAACTTTTTTCCAACAGAAAAAATGCACTTAACTTGTGATGCGAAATTTATATTCAAGCCAAG\r\nATGAACTTTGACCAGCAGCAACACTGGAATACTTCGAGCATTAGAAGTCATTTAGCAATAATAACAGAGC\r\nAGCACAGTTTGATTATCATACTGACTTGAGATTTTTGCACTATTTGCACTTGCAACTCTGATTCTCTACA\r\nTAATGAATTGGTTTACTTTGGTAGTAAATTCTTTTTATCTTGTTCTAGTTGTAATTTTACCAGTAGAACA\r\nACACTCATTGCCATCCAAGACATCCAAGTTGTATAAAATTGCACAACTTAAAAATTCATTCCTCTTCAGA\r\nGAACCACAACCAATTCAACCCATCTCAGTCATCCACCTTCCAGTGGGGTAACCAGTCTCTGTCCATCCAG\r\nTACGGGACTGGCAGCATGACTGGGTTTCTGGGCAGCGACACTGTTGAGGTAACCAAAACCTGTGGAACAA\r\nAAATCATAGTCTATTTAGACTTCAGATGGGCATGTCTCTGTGGTTTGCTGAACTGTGAGTGACAGCTGTC\r\nTTGCATGTCCAGGTGGGCGGCATCTCTGTGGCCAACCAGGTGTTTGGATTGAGCCAGACAGAAGCTTCTT\r\nTCATGACTTACATGCAGGCTGATGGGATCTTAGGACTGGCCTTCCAGAGCATTGCCTCTGACAATGTTGT\r\nACCAGTTTTTAACACCATGATCACTGAGGGGCTGGTGTCAGAGCCCATTTTCTCAGTCTACCTGAGCGGG\r\nTACTGAAATAAAATGGAATTCAGTTGGCTGGAAAATCTTTTTGGGGTTTTTTTGGAGTATATTTTGTGAA\r\nTTTATGATATGATGTGTGTGTGTGTGTGTGTGTGTGTGTGTGTGTGTGTGTGTGTGTGTGTGTGTGTGTG\r\nTGTGTGTGTGTGTGTGTGTGACATCTTAGCAATAGTGAACAGGGCAGTGAGGTGGTCTTTGGTGGTACTG\r\nACAGCACCCACTACACCGGAACAATCACCTGGATCCCTCTGTCTTCTGCCACCTACTGGCAGATCAACAT\r\nGGACAGGTACCAATAAGTCATCCAAAAGCTGTTGACTTCATAGCCAACATCTTTGCTTATACCTTCATAT\r\nCAGACACAAAAAATCACATGGTTATAAAACTTCTTGGCTTGACTGTAATTCAACTTTCCTCTTCACAGTG\r\nTTACCATCAACGGACAGACTGTAGCCTGCTCTGGCGGGTGCCAGGCCATCATCGACACTGGCACCTCCCT\r\nGATTGTTGGCCCAACCACTGACATCAACAATCTGAATAGCTGGGTTGGAGCCTCAACCGACCAGTCAGGA\r\nGATGTGAGTCATACCATCGTGACACAAATTTTCCCCTTTTTCTGAACCCAGAGTAAACAGACATTTAAGA\r\nCTCTGACGTCAGAACTTTGAAATAAAAATAATTAAGTGGGATTCGGATAGTTGCTTTAGTTGGAAAACTG\r\nTAAAATACCAATAAACAGATTTTCTTCTGCCTCATGTTCTCTCACTTTGTTCTTCTGACAGGCTATAGTG\r\nAACTGCCAGAACATCCCGAGCATGCCTGATGTCACTTTCACTCTCAATGGAAACGCCTTCACAGTCCCTG\r\nCATCTGCCTATGTTTCTCAGGTCAGTAAGACCATCCTGCCAAACGCAGCACCAAATAATACAATAAAATA\r\nATAAAGATTTGAAGAAATTTATCTTTTCTTTCTCCCCTGTCCACAGAGCTCCTCTGGTTGTATGACTGGC\r\nTTTGGTCAGGGTGGCACCATGCAGCTCTGGATCTTGGGAGATGTTTTCATCCGGGAATACTATGCCGTCT\r\nTTAATGCCCAGACCCAGAACATTGGTCTGGCCAAGTCAGCGTAATGAAATCAGTAATTTCATAAATACTC\r\nCAAGCATGTATTTTAATGGCATGGGAGAGTTCATGCAAACAGGAGTTTGTGGAAAACGTGCATGTGGACA\r\nTGTTGTAGCTGCCTTTACATTAAACAGATTATAGCAACGCAAAGCATTTCTCTCTGTGTGTGTATGTATG\r\nTGTCTGTGTCAACTGGACTTGTATGGCTATCTACTATTATCGCACATCAGTAGAATAAAGTGTTTCTGTG\r\nTTGTGCTGAAATGTCACAGGAACAAGAA', 100705143),
(9, 'oxytocin/neurophysin I prepropeptide', 'ATGGCCGGACCCAGCCTTGCCTGCTGCCTGCTCGGCCTCCTGGCGCTGACCTCCGCCTGCTACATCCAGA\r\nACTGCCCCCTGGGCGGCAAGAGGGCCGTGCTGGACCTCGACGTGCGCAAGGTGAGCGCCCAGCCCTCGTC\r\nCCGCGGGGATCGGGGCTGGGGGACCTGCGGCCATAGGGCCGTCTCCACCTGTCCCTTCCCCGCGCTGACC\r\nCCGCTCCAGCCTCTCCTGGCCTGGAAACCCGGGGAATCAAGTAGATTTGACTGCCCTCCTTCGACCAATT\r\nTTGGGGCCCAAACAGCACCAGAGACCCGATCCCCCAGCGCTCCCCTGCCCCACCCTCTCCCGCCCGGCTC\r\nAGCCCCTCGCCCCGCAGGGTCTCCCGCCCCAGCCCGGTCCCCTCCCCGACCCCGGCTCACCCCTGCCCTT\r\nCCGCCAGTGCCTCCCCTGCGGCCCCGGGGGCAAAGGCCGCTGCTTCGGGCCCAGCATCTGCTGCGGGGAT\r\nGAGCTGGGCTGCTTCGTGGGCACAGCCGAGGCGCTGCGCTGCCAGGAGGAGAACTACCTGCCGTCGCCCT\r\nGCCAGTCCGGTCAGAAACCTTGCGGGAGCGAGGGCCGCTGCGCCGCCGCCGGCATCTGCTGCAACCCTGG\r\nTGAGTCGGGACGGGAAGGGACCGAGGGATCGGGACCGGCCGGGCCGGGCGCTGACCTGGCGTCTCTCTCG\r\nCAGACGGCTGCCGCTTCGACCCCGCCTGCGACCCCGAAGCCACCTTTTCCCAGCGCTGAGATCCGCCGGC\r\nCCCAGCCCTGTCGGATCGCACCTCTTGCTCCCTCCGTAGTCACCCCGCCCCCGAAATTATGACTCTGAAA\r\nTAAAGCACATGTTTTCCCTTGCAA', 100152272),
(10, 'cell division protein FtsZ', 'ATGTTTGAACCAATGGAACTTACCAATGACGCGGTGATTAAAGTCATCGGCGTCGGCGGCGGCGGCGGTA\r\nATGCTGTTGAACACATGGTGCGCGAGCGCATTGAAGGTGTTGAATTCTTCGCGGTAAATACCGATGCACA\r\nAGCGCTGCGTAAAACAGCGGTTGGACAGACGATTCAAATCGGTAGCGGTATCACCAAAGGACTGGGCGCT\r\nGGCGCTAATCCAGAAGTTGGCCGCAATGCGGCTGATGAGGATCGCGATGCATTGCGTGCGGCGCTGGAAG\r\nGTGCAGACATGGTCTTTATTGCTGCGGGTATGGGTGGTGGTACCGGTACAGGTGCAGCACCAGTCGTCGC\r\nTGAAGTGGCAAAAGATTTGGGTATCCTGACCGTTGCTGTCGTCACTAAGCCTTTCAACTTTGAAGGCAAG\r\nAAGCGTATGGCATTCGCGGAGCAGGGGATCACTGAACTGTCCAAGCATGTGGACTCTCTGATCACTATCC\r\nCGAACGACAAACTGCTGAAAGTTCTGGGCCGCGGTATCTCCCTGCTGGATGCGTTTGGCGCAGCGAACGA\r\nTGTACTGAAAGGCGCTGTGCAAGGTATCGCTGAACTGATTACTCGTCCGGGTTTGATGAACGTGGACTTT\r\nGCAGACGTACGCACCGTAATGTCTGAGATGGGCTACGCAATGATGGGTTCTGGCGTGGCGAGCGGTGAAG\r\nACCGTGCGGAAGAAGCTGCTGAAATGGCTATCTCTTCTCCGCTGCTGGAAGATATCGACCTGTCTGGCGC\r\nGCGCGGCGTGCTGGTTAACATCACGGCGGGCTTCGACCTGCGTCTGGATGAGTTCGAAACGGTAGGTAAC\r\nACCATCCGTGCATTTGCTTCCGACAACGCGACTGTGGTTATCGGTACTTCTCTTGACCCGGATATGAATG\r\nACGAGCTGCGCGTAACCGTTGTTGCGACAGGTATCGGCATGGACAAACGTCCTGAAATCACTCTGGTGAC\r\nCAATAAGCAGGTTCAGCAGCCAGTGATGGATCGCTACCAGCAGCATGGGATGGCTCCGCTGACCCAGGAG\r\nCAGAAGCCGGTTGCTAAAGTCGTGAATGACAATGCGCCGCAAACTGCGAAAGAGCCGGATTATCTGGATA\r\nTCCCAGCATTCCTGCGTAAGCAAGCTGATTAA', 944786);

-- --------------------------------------------------------

--
-- Table structure for table `sequence_data`
--

CREATE TABLE IF NOT EXISTS `sequence_data` (
  `ID` int(11) NOT NULL,
  `Organism` varchar(50) NOT NULL,
  `Gene Symbol` varchar(20) NOT NULL,
  `RefSeq status` varchar(20) NOT NULL,
  `Length` int(11) NOT NULL,
  PRIMARY KEY (`ID`)
) ENGINE=InnoDB DEFAULT CHARSET=utf8;

--
-- Dumping data for table `sequence_data`
--

INSERT INTO `sequence_data` (`ID`, `Organism`, `Gene Symbol`, `RefSeq status`, `Length`) VALUES
(3043, 'Homo sapiens', 'HBB', 'REVIEWED', 1608),
(3868, 'Homo sapiens', 'KRT16', 'REVIEWED', 2990),
(281333, 'Bos taurus', '281333', 'VALIDATED', 4195),
(944786, 'Escherichia coli str. K-12 substr. MG1655', 'ftsZ', 'PROVISIONAL', 1152),
(30902346, 'Spheniscid alphaherpesvirus 1', 'lipase', 'PROVISIONAL', 3558),
(43740568, 'Severe acute respiratory syndrome coronavirus 2', 'S', 'PROVISIONAL', 3822),
(100152272, 'Sus scrofa', 'OXT', 'PROVISIONAL', 864),
(100701014, 'Oreochromis niloticus', 'LOC100701014', 'MODEL', 4862),
(100705143, 'Oreochromis niloticus', 'pepsin', 'MODEL', 3038),
(101509704, 'Cicer arietinum', 'ACTIN', 'MODEL', 2577);

-- --------------------------------------------------------

--
-- Table structure for table `user_sequance`
--

CREATE TABLE IF NOT EXISTS `user_sequance` (
  `ID` int(11) NOT NULL AUTO_INCREMENT,
  `Name` varchar(50) NOT NULL,
  `User Sequence` varchar(1000) NOT NULL,
  PRIMARY KEY (`ID`),
  KEY `fkU` (`Name`)
) ENGINE=InnoDB  DEFAULT CHARSET=utf8 AUTO_INCREMENT=50 ;

--
-- Dumping data for table `user_sequance`
--

INSERT INTO `user_sequance` (`ID`, `Name`, `User Sequence`) VALUES
(47, 'seq1', 'ATGCGAATAAAAGTAACCGCAACTATGTTTGTGTTGGTGAGTATTATTGATGCTTGAAATGTGATTCATA\r\nTAGACTTGTGGGTAAAATAGATAAAAAGTTAAAAAGTTTAATATATTTTTTTCAAAAAAAAAAAGGTATC\r\nGGTCCATATAATCGTAACGTCGACTCTTCGAACTGATGACGGACGCTTTAATCGTACCAGTAAGAGTAAT\r\nAGGGTGAAGTATATAACAAATTATTACGGAGAGGATCCTAGTGGGGCCGAATTGATAACATGGAACGACA\r\nCGTCGAACAGGTTTAATTTTTACAACTCAAAAAACACATCTATCATGACCGTTATGAAATCTGCTGGCGA\r\nACTGAACGGCAAAGATTCCGGCGATATAGTTCTGCTGGTCCAGGACTTTTCAAATGAAGCGTGTTTTATC\r\nGATAAAGCTGTTTCTGACAATACCTACTATCATACCGAATATGTTATGAAGCAGTTATTGAGGATGCATA\r\nCGAAAATGACTCCAAATGTTTTAGTAGTGTTAGTAGACTGGTCAAAGCAGGTAGCGAGCGTGTGTAGGAT\r\nAAGAAATACGCATGCCCATGAAGCCTGGAGAGTAAGCGCTTATTACGCCGTCAGGGCTACTATGATCGAA\r\nTTTTTGAAAACGCTTGGTACGTTTAGGGTACATTGCGTTGGTATGTCTGTAGGATCGTCTGCATGTGCGT\r\nCATTTGCTAGACACTATGAAAGCTATCATTCGAAAAAATTTGAAAGAATAGTCGCCATGGATCCACCGAC\r\nAGCGAGTTTCAGTGATTATAAAGAAGTGGCCTCACCGAATTCTCTTACGTCGTTATTTAATCCAGTGGGT\r\nGGAGATGAGGTCACTATTCGTAACGACAATAGAGACTACATGTTACATGTAGATGACGCAAAGTATGTGG\r\nTCGTTATCGCTTCCAGTGAAGGAGGTTACGGGCCTTATGGGCCGATGGGCGATGAATATATTAG'),
(48, 'seqq1', 'ACCCGGGGGGTTTTTAAAAAA'),
(49, 's1', 'AAGCATTAGCAATTTAGAATTAATTTGACCCGAATTTGCATTTACGAGTG');

-- --------------------------------------------------------

--
-- Table structure for table `user_seq_data`
--

CREATE TABLE IF NOT EXISTS `user_seq_data` (
  `ID` int(11) NOT NULL AUTO_INCREMENT,
  `Name` varchar(50) NOT NULL,
  `Transcribed Seq` varchar(1000) DEFAULT NULL,
  `Translated Seq` varchar(1000) DEFAULT NULL,
  `Complemented Seq` varchar(1000) DEFAULT NULL,
  `Reverse Complemented Seq` varchar(1000) DEFAULT NULL,
  `GC Content` int(11) DEFAULT NULL,
  `A_content` int(11) NOT NULL,
  `C_content` int(11) NOT NULL,
  `G_content` int(11) NOT NULL,
  `T_content` int(11) NOT NULL,
  `N Bases` int(11) DEFAULT NULL,
  `N Filtered Seq` varchar(1000) DEFAULT NULL,
  PRIMARY KEY (`Name`),
  UNIQUE KEY `un` (`ID`)
) ENGINE=InnoDB  DEFAULT CHARSET=utf8 AUTO_INCREMENT=47 ;

--
-- Dumping data for table `user_seq_data`
--

INSERT INTO `user_seq_data` (`ID`, `Name`, `Transcribed Seq`, `Translated Seq`, `Complemented Seq`, `Reverse Complemented Seq`, `GC Content`, `A_content`, `C_content`, `G_content`, `T_content`, `N Bases`, `N Filtered Seq`) VALUES
(46, 's1', 'AAGCAUUAGCAAUUUAGAAUUAAUUUGACCCGAAUUUGCAUUUACGAGUG', 'KHstopQFRINLTRICIYE', 'TTCGTAATCGTTAAATCTTAATTAAACTGGGCTTAAACGTAAATGCTCAC', 'CACTCGTAAATGCAAATTCGGGTCAAATTAATTCTAAATTGCTAATGCTT', 32, 18, 14, 34, 34, 0, 'AAGCATTAGCAATTTAGAATTAATTTGACCCGAATTTGCATTTACGAGTG'),
(44, 'seq1', 'AUGCGAAUAAAAGUAACCGCAACUAUGUUUGUGUUGGUGAGUAUUAUUGAUGCUUGAAAUGUGAUUCAUA\r\nUAGACUUGUGGGUAAAAUAGAUAAAAAGUUAAAAAGUUUAAUAUAUUUUUUUCAAAAAAAAAAAGGUAUC\r\nGGUCCAUAUAAUCGUAACGUCGACUCUUCGAACUGAUGACGGACGCUUUAAUCGUACCAGUAAGAGUAAU\r\nAGGGUGAAGUAUAUAACAAAUUAUUACGGAGAGGAUCCUAGUGGGGCCGAAUUGAUAACAUGGAACGACA\r\nCGUCGAACAGGUUUAAUUUUUACAACUCAAAAAACACAUCUAUCAUGACCGUUAUGAAAUCUGCUGGCGA\r\nACUGAACGGCAAAGAUUCCGGCGAUAUAGUUCUGCUGGUCCAGGACUUUUCAAAUGAAGCGUGUUUUAUC\r\nGAUAAAGCUGUUUCUGACAAUACCUACUAUCAUACCGAAUAUGUUAUGAAGCAGUUAUUGAGGAUGCAUA\r\nCGAAAAUGACUCCAAAUGUUUUAGUAGUGUUAGUAGACUGGUCAAAGCAGGUAGCGAGCGUGUGUAGGAU\r\nAAGAAAUACGCAUGCCCAUGAAGCCUGGAGAGUAAGCGCUUAUUACGCCGUCAGGGCUACUAUGAUCGAA\r\nUUUUUGAAAACGCUUGGUACGUUUAGGGUACAUUGCGUUGGUAUGUCUGUAGGAUCGUCUGCAUGUGCGU\r\nCAUUUGCUAGACACUAUGAAAGCUAUCAUUCGAAAAAAUUUGAAAGAAUAGUCGCCAUGGAUCCACCGAC\r\nAGCGAGUUUCAGUGAUUAUAAAGAAGUGGCCUCACCGAAUUCUCUUACGUCGUUAUUUAAUCCAGUGGGU\r\nGGAGAUGAGGUCACUAUUCGUAACGACAAUAGAGACUACAUGUUACAUGUAGAUGACGCAAAGUAUGUGG\r\nUCGUUAUCGCUUCCAGUGAAGGAGGUUACGGGCCUUAUGGGCCGAUGGGCGAUGAAUAUAUUAG', 'MRIKVTATMFVLVSIIDAstopNVIHstopTCGstopNRstopKVKKFNIFFSKKKRYGPYNRNVDSSNstopstopRTLstopSYQstopEstopRVKYITNYYGEDPSGAELITWNDRRTGLIFTTQKTHLSstopPLstopNLLATERQRFRRYSSAGPGLFKstopSVFYDKAVSDNTYYHTEYVMKQLLRMHRKstopLQMFstopstopCstopstopTGQSRstopRACVGKKYACPstopSLESKRLLRRQGYYDRFLKTLGTFRVHCVGMSVGSSACAHLLDTMKAIIRKNLKEstopSPWIHRSEFQstopLstopRSGLTEFSYVVIstopSSGGDEVTIRNDNRDYMLHVDDAKYVSLSLPVKEVTGLMGRWAMNILEALD', 'TACGCTTATTTTCATTGGCGTTGATACAAACACAACCACTCATAATAACTACGAACTTTACACTAAGTATATCTGAACACCCATTTTATCTATTTTTCAATTTTTCAAATTATATAAAAAAAGTTTTTTTTTTTCCATAGCCAGGTATATTAGCATTGCAGCTGAGAAGCTTGACTACTGCCTGCGAAATTAGCATGGTCATTCTCATTATCCCACTTCATATATTGTTTAATAATGCCTCTCCTAGGATCACCCCGGCTTAACTATTGTACCTTGCTGTGCAGCTTGTCCAAATTAAAAATGTTGAGTTTTTTGTGTAGATAGTACTGGCAATACTTTAGACGACCGCTTGACTTGCCGTTTCTAAGGCCGCTATATCAAGACGACCAGGTCCTGAAAAGTTTACTTCGCACAAAATAGCTATTTCGACAAAGACTGTTATGGATGATAGTATGGCTTATACAATACTTCGTCAATAACTCCTACGTATGCTTTTACTGAGGTTTACAAAATCATCACAATCATCTGACCAGTTTCGTCCATCGCTCGCACACATCCTATTCTTTATGCGTACGGGTACTTCGGACCTCTCATTCGCGAATAATGCGGCAGTCCCGATGATACTAGCTTAAAAACTTTTGCGAACCATGCAAATCCCATGTAACGCAACCATACAGACATCCTAGCAGACGTACACGCAGTAAACGATCTGTGATACTTTCGATAGTAAGCTTTTTTAAACTTTCTTATCAGCGGTACCTAGGTGGCTGTCGCTCAAAGTCACTAATATTTCTTCACCGGAGTGGCTTAAGAGAATGCAGCAATAAATTAGGTCACCCACCTCTACTCCAGTGATAAGCATTGCTGTTATCTCTGATGTACAATGTACATCTACTGCGTTTCATACACCAGCAATAGCGAAGGTCACTTCCTCCAATGCCCGGAATACCCGGCTACCCGCTACTTATATAATCTTCGCTGAACTG', 'GTCAAGTCGCTTCTAATATATTCATCGCCCATCGGCCCATAAGGCCCGTAACCTCCTTCACTGGAAGCGATAACGACCACATACTTTGCGTCATCTACATGTAACATGTAGTCTCTATTGTCGTTACGAATAGTGACCTCATCTCCACCCACTGGATTAAATAACGACGTAAGAGAATTCGGTGAGGCCACTTCTTTATAATCACTGAAACTCGCTGTCGGTGGATCCATGGCGACTATTCTTTCAAATTTTTTCGAATGATAGCTTTCATAGTGTCTAGCAAATGACGCACATGCAGACGATCCTACAGACATACCAACGCAATGTACCCTAAACGTACCAAGCGTTTTCAAAAATTCGATCATAGTAGCCCTGACGGCGTAATAAGCGCTTACTCTCCAGGCTTCATGGGCATGCGTATTTCTTATCCTACACACGCTCGCTACCTGCTTTGACCAGTCTACTAACACTACTAAAACATTTGGAGTCATTTTCGTATGCATCCTCAATAACTGCTTCATAACATATTCGGTATGATAGTAGGTATTGTCAGAAACAGCTTTATCGATAAAACACGCTTCATTTGAAAAGTCCTGGACCAGCAGAACTATATCGCCGGAATCTTTGCCGTTCAGTTCGCCAGCAGATTTCATAACGGTCATGATAGATGTGTTTTTTGAGTTGTAAAAATTAAACCTGTTCGACGTGTCGTTCCATGTTATCAATTCGGCCCCACTAGGATCCTCTCCGTAATAATTTGTTATATACTTCACCCTATTACTCTTACTGGTACGATTAAAGCGTCCGTCATCAGTTCGAAGAGTCGACGTTACGATTATATGGACCGATACCTTTTTTTTTTTGAAAAAAATATATTAAACTTTTTAACTTTTTATCTATTTTACCCACAAGTCTATATGAATCACATTTCAAGCATCAATAATACTCACCAACACAAACATAGTTGCGGTTACTTTTATTCGCAT', 39, 23, 16, 31, 28, 0, 'ATGCGAATAAAAGTAACCGCAACTATGTTTGTGTTGGTGAGTATTATTGATGCTTGAAATGTGATTCATA\r\nTAGACTTGTGGGTAAAATAGATAAAAAGTTAAAAAGTTTAATATATTTTTTTCAAAAAAAAAAAGGTATC\r\nGGTCCATATAATCGTAACGTCGACTCTTCGAACTGATGACGGACGCTTTAATCGTACCAGTAAGAGTAAT\r\nAGGGTGAAGTATATAACAAATTATTACGGAGAGGATCCTAGTGGGGCCGAATTGATAACATGGAACGACA\r\nCGTCGAACAGGTTTAATTTTTACAACTCAAAAAACACATCTATCATGACCGTTATGAAATCTGCTGGCGA\r\nACTGAACGGCAAAGATTCCGGCGATATAGTTCTGCTGGTCCAGGACTTTTCAAATGAAGCGTGTTTTATC\r\nGATAAAGCTGTTTCTGACAATACCTACTATCATACCGAATATGTTATGAAGCAGTTATTGAGGATGCATA\r\nCGAAAATGACTCCAAATGTTTTAGTAGTGTTAGTAGACTGGTCAAAGCAGGTAGCGAGCGTGTGTAGGAT\r\nAAGAAATACGCATGCCCATGAAGCCTGGAGAGTAAGCGCTTATTACGCCGTCAGGGCTACTATGATCGAA\r\nTTTTTGAAAACGCTTGGTACGTTTAGGGTACATTGCGTTGGTATGTCTGTAGGATCGTCTGCATGTGCGT\r\nCATTTGCTAGACACTATGAAAGCTATCATTCGAAAAAATTTGAAAGAATAGTCGCCATGGATCCACCGAC\r\nAGCGAGTTTCAGTGATTATAAAGAAGTGGCCTCACCGAATTCTCTTACGTCGTTATTTAATCCAGTGGGT\r\nGGAGATGAGGTCACTATTCGTAACGACAATAGAGACTACATGTTACATGTAGATGACGCAAAGTATGTGG\r\nTCGTTATCGCTTCCAGTGAAGGAGGTTACGGGCCTTATGGGCCGATGGGCGATGAATATATTAG'),
(45, 'seqq1', 'ACCCGGGGGGUUUUUAAAAAA', 'TRGVFKK', 'TGGGCCCCCCAAAAATTTTTT', 'TTTTTTAAAAACCCCCCGGGT', 43, 29, 14, 33, 24, 0, 'ACCCGGGGGGTTTTTAAAAAA');

--
-- Constraints for dumped tables
--

--
-- Constraints for table `sequence`
--
ALTER TABLE `sequence`
  ADD CONSTRAINT `sequence_ibfk_1` FOREIGN KEY (`NCBI_ID`) REFERENCES `sequence_data` (`ID`) ON DELETE CASCADE ON UPDATE CASCADE;

--
-- Constraints for table `user_sequance`
--
ALTER TABLE `user_sequance`
  ADD CONSTRAINT `user_sequance_ibfk_1` FOREIGN KEY (`Name`) REFERENCES `user_seq_data` (`Name`) ON DELETE CASCADE ON UPDATE CASCADE;

/*!40101 SET CHARACTER_SET_CLIENT=@OLD_CHARACTER_SET_CLIENT */;
/*!40101 SET CHARACTER_SET_RESULTS=@OLD_CHARACTER_SET_RESULTS */;
/*!40101 SET COLLATION_CONNECTION=@OLD_COLLATION_CONNECTION */;
